{
    "timestamp": 1775143412.5863376,
    "prompt": "Go to the bed with horizontal stripes",
    "goal": "bottle",
    "clip_prompts": "blue glass bottle",
    "cluster_info": {
        "cluster_id": 0,
        "objects": [
            "bed",
            "pillow",
            "pillow",
            "dresser",
            "nightstand",
            "nightstand"
        ],
        "reasoning": "User mentions a specific bed type, which is likely in the bedroom.",
        "location_confidence": 0.95,
        "prioritize_location": false,
        "coords": {
            "x": 7.8781687418619795,
            "y": -1.9850169097383816,
            "z": 0.6791518280903498
        },
        "dimensions": {
            "bounding_box": {
                "min": {
                    "x": 6.6293158531188965,
                    "y": -3.5362064838409424
                },
                "max": {
                    "x": 8.298001289367676,
                    "y": -0.21796934306621552
                },
                "dimensions": {
                    "width": 1.6686854362487793,
                    "length": 3.318237140774727
                }
            },
            "radius": 1.9914373282949245
        }
    },
    "action": "go_to_object",
    "logic": "SPECIFIC_OBJECT_WITH_FEATURES"
}