{
    "timestamp": 1773233050.3181474,
    "prompt": "go to the fridge",
    "goal": "fridge",
    "related_object": "",
    "clip_prompts": [
        "a photo of a fridge",
        "a cropped image of a fridge",
        "an image of a fridge with gray background"
    ],
    "text_embedding": null,
    "goal_objects": [
        {
            "id": "map_obj_000016",
            "similarity_score": 0.2070948189684629,
            "coords": {
                "x": 1.4817326077608148,
                "y": 3.493728589678782,
                "z": 1.1482434793764789
            }
        }
    ],
    "selected_goal": {
        "object_id": "map_obj_000016",
        "decision_basis": "location",
        "reasoning": "The prompt specifies a room, so I chose the best candidate in the matching cluster.",
        "coords": {
            "x": 1.4817326077608148,
            "y": 3.493728589678782,
            "z": 1.1482434793764789
        },
        "similarity": 0.2070948189684629,
        "cluster": 0
    },
    "object_similarities": [
        {
            "object_id": "map_obj_000016",
            "similarity": 0.2070948189684629
        }
    ],
    "cluster_info": {
        "cluster_id": 0,
        "objects": [
            "microwave",
            "chair",
            "couch",
            "coffee machine",
            "fridge",
            "sink",
            "coffee machine",
            "oven",
            "sink",
            "toilet",
            "couch"
        ],
        "reasoning": "User says 'fridge' which matches Cluster 0 label.",
        "location_confidence": 1.0,
        "prioritize_location": true,
        "coords": {
            "x": 1.0613482738026128,
            "y": 5.204076239036367,
            "z": 1.1536559631876597
        },
        "dimensions": {
            "bounding_box": {
                "min": {
                    "x": -0.6087714129816115,
                    "y": 3.058499932272111
                },
                "max": {
                    "x": 4.743404905811275,
                    "y": 7.986701678074944
                },
                "dimensions": {
                    "width": 5.352176318792886,
                    "length": 4.928201745802832
                }
            },
            "radius": 3.7200907068588016
        }
    },
    "action": "go_to_object",
    "valid": true
}