{
    "timestamp": 1772205398.4682531,
    "prompt": "go to the bed",
    "goal": "bed",
    "clip_prompts": [
        "bed",
        "a bed",
        "the bed"
    ],
    "text_embedding": null,
    "goal_objects": [],
    "object_similarities": [],
    "cluster_info": {
        "cluster_id": 5,
        "objects": [
            "cup",
            "chair",
            "bed"
        ],
        "reasoning": "The goal object 'bed' is directly in Cluster 5 which contains a bed.",
        "location_confidence": 1.0,
        "prioritize_location": true,
        "coords": {
            "x": -7.490081777849302,
            "y": 1.080593734527232,
            "z": 0.38096412782364447
        },
        "dimensions": {
            "bounding_box": {
                "min": {
                    "x": -8.618967226062626,
                    "y": 0.5884713668833326
                },
                "max": {
                    "x": -5.741086299681294,
                    "y": 1.491694981967015
                },
                "dimensions": {
                    "width": 2.877880926381332,
                    "length": 0.9032236150836825
                }
            },
            "radius": 1.7508710987880487
        }
    },
    "action": "go_to_object",
    "valid": true
}