{
    "timestamp": 1773221799.7417386,
    "prompt": "go to the bed with horizontal stripes",
    "goal": "bed",
    "related_object": "",
    "clip_prompts": [
        "bed with horizontal stripes",
        "bed featuring horizontal stripes",
        "horizontal striped bed"
    ],
    "text_embedding": null,
    "goal_objects": [
        {
            "id": "map_obj_000006",
            "similarity_score": 58.7506638742764,
            "coords": {
                "x": 6.636299356652186,
                "y": -1.0155188317548933,
                "z": 0.6916623342907924
            }
        },
        {
            "id": "map_obj_000029",
            "similarity_score": 10.53166888459892,
            "coords": {
                "x": 8.341921489682663,
                "y": 0.29813751619401097,
                "z": 4.225246273636726
            }
        }
    ],
    "selected_goal": {
        "object_id": "map_obj_000006",
        "decision_basis": "location",
        "reasoning": "High location confidence and prioritization of location lead to choosing the best candidate in the matching cluster.",
        "coords": {
            "x": 6.636299356652186,
            "y": -1.0155188317548933,
            "z": 0.6916623342907924
        },
        "similarity": 58.7506638742764,
        "cluster": 1
    },
    "object_similarities": [
        {
            "object_id": "map_obj_000006",
            "similarity": 58.7506638742764
        },
        {
            "object_id": "map_obj_000029",
            "similarity": 10.53166888459892
        }
    ],
    "cluster_info": {
        "cluster_id": 2,
        "objects": [
            "nightstand",
            "bed"
        ],
        "reasoning": "User mentions 'bed' with specific description, matching Cluster 2 (bedroom #1) label.",
        "location_confidence": 0.95,
        "prioritize_location": true,
        "coords": {
            "x": 8.335898449123508,
            "y": -0.3473039697364902,
            "z": 4.035297296591263
        },
        "dimensions": {
            "bounding_box": {
                "min": {
                    "x": 8.329875408564352,
                    "y": -0.9927454556669913
                },
                "max": {
                    "x": 8.341921489682663,
                    "y": 0.29813751619401097
                },
                "dimensions": {
                    "width": 0.012046081118311847,
                    "length": 1.2908829718610022
                }
            },
            "radius": 0.6454695878023615
        }
    },
    "action": "go_to_object",
    "valid": true
}