{
    "timestamp": 1767796783.111627,
    "prompt": "go to the black truck",
    "goal": "truck",
    "goal_objects": [
        {
            "id": "truck_inst24_308_492000000",
            "coords": {
                "x": -5.3699419289742,
                "y": 6.313528931285155,
                "z": 0.6033205729126941
            }
        },
        {
            "id": "truck_inst24_309_526000000",
            "coords": {
                "x": -6.701090198562144,
                "y": 6.41509676584138,
                "z": 1.109857042604023
            }
        },
        {
            "id": "truck_inst24_314_347000000",
            "coords": {
                "x": -7.7881658642545055,
                "y": 6.3789452563494065,
                "z": 1.165642695267996
            }
        },
        {
            "id": "truck_inst24_316_251000000",
            "coords": {
                "x": -8.615963584207483,
                "y": 6.3484147372578335,
                "z": 1.0752959317366286
            }
        }
    ],
    "cluster_info": {
        "cluster_id": 0,
        "objects": [
            "truck",
            "truck",
            "truck",
            "truck"
        ],
        "reasoning": "Black truck is in Cluster 0 with multiple trucks, which is likely a common area such as a garage or parking lot.",
        "coords": {
            "x": -7.118790393999584,
            "y": 6.363996422683444,
            "z": 0.9885290606303354
        }
    },
    "clip_prompt": [
        "a red chair",
        "photo of a red chair",
        "chair with red cuschion"
    ],
    "action": "go_to_object",
    "valid": true
}