{
    "timestamp": 1773925365.0282223,
    "prompt": "bring me a bottle",
    "goal": "bottle",
    "related_object": "",
    "clip_prompts": [
        "red bottle"
    ],
    "text_embedding": null,
    "goal_objects": [
        {
            "id": "map_obj_000004",
            "similarity_score": 20.695834206674384,
            "coords": {
                "x": 0.38647377490997314,
                "y": 0.037541650235652924,
                "z": 0.7035521268844604
            }
        },
        {
            "id": "map_obj_000003",
            "similarity_score": 5.622157459440706,
            "coords": {
                "x": 0.4164349436759949,
                "y": 0.15391772985458374,
                "z": 0.5220966339111328
            }
        }
    ],
    "selected_goal": {
        "object_id": "map_obj_000004",
        "decision_basis": "location",
        "reasoning": "The prompt is for a 'bottle' and location confidence is moderate, so I chose the best candidate in the matching cluster.",
        "coords": {
            "x": 0.38647377490997314,
            "y": 0.037541650235652924,
            "z": 0.7035521268844604
        },
        "similarity": 20.695834206674384,
        "cluster": 0
    },
    "object_similarities": [
        {
            "object_id": "map_obj_000004",
            "similarity": 20.695834206674384
        },
        {
            "object_id": "map_obj_000003",
            "similarity": 5.622157459440706
        }
    ],
    "cluster_info": {
        "cluster_id": 0,
        "objects": [
            "chair",
            "tv",
            "bottle",
            "bottle",
            "mouse",
            "keyboard"
        ],
        "reasoning": "No room mentioned, but 'bottle' is in Cluster 0.",
        "location_confidence": 0.6,
        "prioritize_location": true,
        "coords": {
            "x": 0.0823723344753186,
            "y": 0.11015402401487033,
            "z": 0.7487100760142008
        },
        "dimensions": {
            "bounding_box": {
                "min": {
                    "x": -0.7035384774208069,
                    "y": -0.17792820930480957
                },
                "max": {
                    "x": 0.4164349436759949,
                    "y": 0.26219311356544495
                },
                "dimensions": {
                    "width": 1.1199734210968018,
                    "length": 0.4401213228702545
                }
            },
            "radius": 0.7885361942899973
        }
    },
    "action": "bring_back_object",
    "valid": true
}