{
    "timestamp": 1774860233.6413026,
    "prompt": "Go to the coffee machine",
    "goal": "microwave",
    "clip_prompts": "microwave",
    "goal_objects": [
        {
            "id": "map_obj_000010",
            "similarity_score": 0.8807672432218984,
            "cluster": 1,
            "coords": {
                "x": 0.20814941823482513,
                "y": 3.106130361557007,
                "z": 1.0773570537567139
            }
        },
        {
            "id": "map_obj_000009",
            "similarity_score": 0.048883518560086624,
            "cluster": 1,
            "coords": {
                "x": -0.6276340484619141,
                "y": 3.776634693145752,
                "z": 1.1012928485870361
            }
        }
    ],
    "cluster_info": {
        "cluster_id": 1,
        "objects": [
            "pillow",
            "fireplace",
            "microwave",
            "oven",
            "tv",
            "stove",
            "kitchen island",
            "couch",
            "coffee machine",
            "couch",
            "towel",
            "coffee machine",
            "fridge",
            "chair"
        ],
        "reasoning": "No room mentioned, but coffee machine is explicitly mentioned in Cluster 1 (kitchen) contents.",
        "location_confidence": 0.95,
        "prioritize_location": false,
        "coords": {
            "x": 0.21329531180007116,
            "y": 6.812225682394845,
            "z": 0.8570948094129562
        },
        "dimensions": {
            "bounding_box": {
                "min": {
                    "x": -0.7333213686943054,
                    "y": 3.106130361557007
                },
                "max": {
                    "x": 2.1356117725372314,
                    "y": 11.047714233398438
                },
                "dimensions": {
                    "width": 2.868933141231537,
                    "length": 7.941583871841431
                }
            },
            "radius": 4.248545215095242
        }
    },
    "action": "go_to_object",
    "logic": "GENERIC_OBJECT"
}